asset,sample_trace_count,mean,std,min,max,p05,p25,p75,p95
brunswick,1000,-6.05933155384264e-06,1.5403684377670288,-433.316650390625,608.892578125,-0.0715589821338653,-0.0091915614902973,0.0091591486707329,0.0708307474851608
halfmile,1000,3.06697838823311e-05,0.2835598587989807,-49.90708923339844,43.742218017578125,-0.0337973088026046,-0.004485082346946,0.0044317413121461,0.0338179096579551
lalor,1000,-0.0002793637977447,2.8517141342163086,-1244.123291015625,1328.0814208984375,-0.1329244524240493,-0.0143058644607663,0.0139371566474437,0.1322123110294342
sudbury,1000,2.2767955670133236e-05,0.4490988552570343,-116.43171691894533,112.8914031982422,-0.0477054864168167,-0.0068099834024906,0.0068300552666187,0.0478735901415348
