asset,dead_trace_count,dead_trace_percentage
brunswick,2,4.447864357928541e-05
halfmile,15109,1.374096342260852
lalor,381,0.0157118390975713
sudbury,0,0.0
