asset,count_zero,count_minus_one,count_valid_positive,valid_min,valid_max,valid_mean,valid_median,valid_std,labeled_percentage,count_corrupted_gt_recording_time
brunswick,0,763319,3733221,4.0,1358.0,429.27222819115184,384.0,229.56447590993443,83.02430313085172,0
halfmile,0,106370,993189,11.0,1482.0,353.13856979890033,344.0,154.91812784105855,90.32612165422682,0
lalor,0,1213066,1211857,2.0,881.0,249.21832113855015,248.0,109.2945458903153,49.97507137340031,0
sudbury,1609882,0,200338,10.0,599.0,169.7062863760245,162.0,71.33414961570537,11.067052623438036,0
