split,rows,loss_l1_mae_ms,mae_ms,rmse_ms,median_ae_ms,within_5ms_pct,within_10ms_pct,within_20ms_pct,within_50ms_pct,classification_threshold_ms,accuracy,precision,recall,f1_score,false_positive,false_negative,true_positive,true_negative,auc_roc
train_all,800000,4.7260034733937655,4.7260034733937655,10.543529110704814,1.6565440976571608,78.59087500000001,88.888,94.479125,99.03212500000001,340.0,0.99266,0.994969738064743,0.9903288539604456,0.9926438716886774,2003,3869,396187,397941,0.999652137830682
train_brunswick,508385,4.929869722819302,4.929869722819302,11.21819821411282,1.6708294665986045,78.33767715412532,88.59643773911505,94.10446807045841,98.79441761657012,340.0,0.9941363336841174,0.9962511227721836,0.9897240812492661,0.9929768762295178,793,2188,210737,294667,0.9997674664726394
train_halfmile,135361,5.803958643872973,5.803958643872973,11.431409195788005,2.377846403736669,70.17752528423992,84.95282984020508,93.53728178722083,98.86230154919068,340.0,0.9893913313288171,0.9908326739029816,0.9877651261442286,0.9892965221150549,614,822,66363,67562,0.9994771520793351
train_lalor,156254,3.128888308051202,3.128888308051202,6.818709770000865,1.2449744782779462,86.70306040165372,93.24561291230945,96.51400924136342,99.95264121238496,340.0,0.9906882383810974,0.995020178304354,0.9928384439664516,0.9939281138760333,596,859,119087,35712,0.9990581436061416
