split,rows,loss_l1_mae_ms,mae_ms,rmse_ms,median_ae_ms,within_5ms_pct,within_10ms_pct,within_20ms_pct,within_50ms_pct,classification_threshold_ms,accuracy,precision,recall,f1_score,false_positive,false_negative,true_positive,true_negative,auc_roc,threshold_kind
test_lalor,215257,3.781683779306313,3.781683779306313,13.92942740314522,1.4592424323494981,85.37051059895845,92.55819787509813,96.01360234510375,99.84065558843615,244.0,0.9904579177448353,0.9928409419714944,0.9880453663022377,0.9904373492741883,767,1287,106370,106833,0.9979836195312988,per_asset
test_sudbury,184743,9.397998212723794,9.397998212723794,14.092724871743078,6.208991805359659,41.52200624651543,69.43808425759028,88.13649231635299,99.14854690028851,162.0,0.9476840800463346,0.9711540632691309,0.9236542859904004,0.9468088033769393,2555,7110,86019,89059,0.988365159822968,per_asset
