split,rows,loss_l1_mae_ms,mae_ms,rmse_ms,median_ae_ms,within_5ms_pct,within_10ms_pct,within_20ms_pct,within_50ms_pct,classification_threshold_ms,accuracy,precision,recall,f1_score,false_positive,false_negative,true_positive,true_negative,auc_roc
test_all,400000,6.375620722738426,6.375620722738426,14.00508418412774,2.7808543907790835,65.11875,81.88,92.3755,99.521,340.0,0.9888575,0.9965604650020088,0.9906135254874243,0.9935780966556249,1190,3267,344787,50756,0.9979848827635949
test_lalor,215257,3.781683779306313,3.781683779306313,13.92942740314522,1.4592424323494981,85.37051059895845,92.55819787509813,96.01360234510375,99.84065558843615,340.0,0.989152501428525,0.9952771251442271,0.9908049944651423,0.9930360247780327,790,1545,166481,46441,0.9980017288243136
test_sudbury,184743,9.397998212723794,9.397998212723794,14.092724871743078,6.208991805359659,41.52200624651543,69.43808425759028,88.13649231635299,99.14854690028851,340.0,0.9885137731876174,0.997761686792833,0.9904348212500278,0.9940847536057358,400,1722,178306,4315,0.997468033781289
