split,rows,loss_l1_mae_ms,mae_ms,rmse_ms,median_ae_ms,within_5ms_pct,within_10ms_pct,within_20ms_pct,within_50ms_pct,classification_threshold_ms,accuracy,precision,recall,f1_score,false_positive,false_negative,true_positive,true_negative,auc_roc,threshold_kind
test_lalor,215257,23.065805060927172,23.065805060927172,49.11166287167294,16.0,1.9437230844989943,9.110505117139049,95.43754674644727,95.80640815397409,244.0,0.931848906191204,0.8810036958427915,0.9986159748088838,0.9361301951359683,14521,149,107508,93079,0.9650190610787054,per_asset
test_sudbury,184743,39.5437553790942,39.5437553790942,104.74383115247785,19.0,3.4269228062768278,9.32268069696822,68.73711047238596,89.0756348007773,162.0,0.8328542894724023,0.756701030927835,0.9851925823320341,0.855960705106377,29500,1379,91750,62114,0.8852423510347115,per_asset
