split,rows,loss_l1_mae_ms,mae_ms,rmse_ms,median_ae_ms,within_5ms_pct,within_10ms_pct,within_20ms_pct,within_50ms_pct,classification_threshold_ms,accuracy,precision,recall,f1_score,false_positive,false_negative,true_positive,true_negative,auc_roc
train_all,800000,4.995636543607099,4.995636543607099,11.108445263866441,1.7592946760881887,77.545125,88.364875,94.166125,98.80225,372.0,0.9936325,0.9960638228393728,0.9911838665006923,0.993617852972572,1567,3527,396535,398371,0.9997734769695577
train_brunswick,632054,4.827007445448415,4.827007445448415,11.058221933300382,1.6511228862140825,79.20573242159689,89.04302480484262,94.22675910602575,98.79820395092824,372.0,0.9946729235160287,0.9969221186690566,0.9919628140040878,0.9944362832984396,929,2438,300902,327785,0.9998276423003872
train_halfmile,167946,5.630261339717685,5.630261339717685,11.295456102634434,2.307835282645449,71.29553546973432,85.81270170173745,93.93793243066224,98.81747704619342,372.0,0.9897169328236457,0.9933728744897217,0.988740927606956,0.9910514889141058,638,1089,95633,70586,0.9995020020334869
