split,rows,loss_l1_mae_ms,mae_ms,rmse_ms,median_ae_ms,within_5ms_pct,within_10ms_pct,within_20ms_pct,within_50ms_pct,classification_threshold_ms,accuracy,precision,recall,f1_score,false_positive,false_negative,true_positive,true_negative,auc_roc
test_all,400000,33.323864939772996,33.323864939772996,36.64309092946157,31.70536103272586,1.10775,3.5680000000000005,18.372,85.92125,372.0,0.9065025,0.9999871892184462,0.8930434633381765,0.9434945192750787,4,37395,312233,50368,0.9954375438136832
test_lalor,343322,35.10619122348656,35.10619122348656,38.233326581512344,33.95520563948676,0.6492447323503883,2.458042304309074,14.789031870954963,83.78461036577906,372.0,0.8929605443286477,0.9999883175295469,0.8748168891250877,0.9332240661563089,3,36746,256792,49781,0.9947075029068444
test_sudbury,56678,22.527580237117515,22.527580237117515,24.928961124375796,22.171851502474553,3.8851053318748017,10.291471117541198,40.075514308902925,98.86375666043263,372.0,0.9885317054236211,0.9999819631326431,0.9884293100374398,0.9941720761754473,1,649,55441,587,0.9993155739742857
