split,rows,loss_l1_mae_ms,mae_ms,rmse_ms,median_ae_ms,within_5ms_pct,within_10ms_pct,within_20ms_pct,within_50ms_pct,classification_threshold_ms,accuracy,precision,recall,f1_score,false_positive,false_negative,true_positive,true_negative,auc_roc,threshold_kind
test_lalor,343322,35.10619122348656,35.10619122348656,38.233326581512344,33.95520563948676,0.6492447323503883,2.458042304309074,14.789031870954963,83.78461036577906,248.0,0.8940644642638689,0.999852680116972,0.7887720888609964,0.8818572802162106,20,36350,135739,171213,0.9970238809743405,per_asset
test_sudbury,56678,22.527580237117515,22.527580237117515,24.928961124375796,22.171851502474553,3.8851053318748017,10.291471117541198,40.075514308902925,98.86375666043263,162.0,0.8405201312678641,0.9975523940645556,0.6851229249842404,0.8123326066645906,48,8991,19563,28076,0.9915301971665381,per_asset
