split,rows,loss_l1_mae_ms,mae_ms,rmse_ms,median_ae_ms,within_5ms_pct,within_10ms_pct,within_20ms_pct,within_50ms_pct,classification_threshold_ms,accuracy,precision,recall,f1_score,false_positive,false_negative,true_positive,true_negative,auc_roc
test_all,400000,25.34144,25.34144,59.97988650372723,17.0,2.18925,9.217,91.703,94.848,372.0,0.9629775,0.961667755964249,0.9974000938139966,0.979208055632386,13900,909,348719,36472,0.9560172478929132
test_lalor,343322,23.030143713481806,23.030143713481806,48.69986772596181,16.0,1.9765701003722453,9.163700549338522,95.42295570921759,95.78646285411364,372.0,0.9600025631914063,0.9555735740429578,0.9996968024582847,0.9771373391272496,13643,89,293449,36141,0.9584776816145402
test_sudbury,56678,39.34191397014715,39.34191397014715,104.99250820582397,19.0,3.4775397861604147,9.539856734535446,69.16969547267017,89.16334380182786,372.0,0.9809979180634462,0.9953716210132008,0.9853806382599394,0.9903509322056676,257,820,55270,331,0.7888759925435677
