split,rows,loss_l1_mae_ms,mae_ms,rmse_ms,median_ae_ms,within_5ms_pct,within_10ms_pct,within_20ms_pct,within_50ms_pct,classification_threshold_ms,accuracy,precision,recall,f1_score,false_positive,false_negative,true_positive,true_negative,auc_roc,threshold_kind
test_lalor,343322,23.030143713481806,23.030143713481806,48.69986772596181,16.0,1.9765701003722453,9.163700549338522,95.42295570921759,95.78646285411364,248.0,0.9314025899884074,0.8798537234042553,0.9996513432003208,0.9359346479547563,23491,60,172029,147742,0.9656375542639404,per_asset
test_sudbury,56678,39.34191397014715,39.34191397014715,104.99250820582397,19.0,3.4775397861604147,9.539856734535446,69.16969547267017,89.16334380182786,162.0,0.832915769787219,0.7565467548529333,0.9854661343419486,0.8559652004623715,9055,415,28139,19069,0.8858756474431909,per_asset
