split,rows,loss_l1_mae_ms,mae_ms,rmse_ms,median_ae_ms,within_5ms_pct,within_10ms_pct,within_20ms_pct,within_50ms_pct,classification_threshold_ms,accuracy,precision,recall,f1_score,false_positive,false_negative,true_positive,true_negative,auc_roc
test_all,400000,30.67627,30.67627,79.78182208373033,17.0,2.6287499999999997,9.2085,83.10575,92.69775,340.0,0.96202,0.9662481300321046,0.9909669189263735,0.978451430613947,12048,3144,344910,39898,0.9423886623775852
test_lalor,215257,23.065805060927172,23.065805060927172,49.11166287167294,16.0,1.9437230844989943,9.110505117139049,95.43754674644727,95.80640815397409,340.0,0.9522152589695109,0.9432592226243733,0.9988692226203087,0.9702680672220327,10096,190,167836,37135,0.9590834874294294
test_sudbury,184743,39.5437553790942,39.5437553790942,104.74383115247785,19.0,3.4269228062768278,9.32268069696822,68.73711047238596,89.0756348007773,340.0,0.9734441900369702,0.9890965558075363,0.9835914413313485,0.9863363170999347,1952,2954,177074,2763,0.8019928666215961
