{
  "a": {
    "threshold_global_ms": 372.0,
    "train_rows": 800000,
    "test_rows": 400000,
    "test_all": {
      "mae_ms": 25.34144,
      "rmse_ms": 59.97988650372723,
      "within_50ms_pct": 94.848,
      "accuracy": 0.9629775,
      "precision": 0.961667755964249,
      "recall": 0.9974000938139966,
      "f1_score": 0.979208055632386,
      "auc_roc": 0.9560172478929132
    }
  },
  "b": {
    "threshold_global_ms": 340.0,
    "train_rows": 800000,
    "test_rows": 400000,
    "test_all": {
      "mae_ms": 30.67627,
      "rmse_ms": 79.78182208373033,
      "within_50ms_pct": 92.69775,
      "accuracy": 0.96202,
      "precision": 0.9662481300321046,
      "recall": 0.9909669189263735,
      "f1_score": 0.978451430613947,
      "auc_roc": 0.9423886623775852
    }
  }
}