asset,rows,sta_samples,lta_samples,threshold,min_search_sample,failed_count,failed_pct,signal_window_samples
brunswick,3733221,10,100,3.0,5,148559,3.9793786652330523,50
halfmile,993180,10,100,3.0,5,34593,3.483054431220927,50
lalor,1211857,20,200,2.5,10,141,0.011635036147004143,50
sudbury,200338,10,100,3.5,5,7013,3.5005840130179995,50
